Store,POG,POGName,POGDescription,Aisle,Side,Sequence
5,8386824,D701_L00000_D03_C165_V681_F012_MX,HP 72IN HAIR CARE ACCESSORIES (FM),24,Right,1
11,8386826,D701_L00000_D03_C165_V682_F008_MX,HP 84IN HAIR CARE ACCESSORIES (FM) ALASKA,15,Left,14
13,8386824,D701_L00000_D03_C165_V681_F012_MX,HP 72IN HAIR CARE ACCESSORIES (FM),25,Right,1
17,8386826,D701_L00000_D03_C165_V682_F008_MX,HP 84IN HAIR CARE ACCESSORIES (FM) ALASKA,17,Left,2
18,8386811,D701_L00000_D03_C165_V680_F012_MX,HP 72IN HAIR CARE ACCESSORIES (FM) ALASKA,36,Left,1
19,8386819,D701_L00000_D03_C165_V681_F008_MX,HP 72IN HAIR CARE ACCESSORIES (FM),591 COSMETICS 1,Right,6
21,8386824,D701_L00000_D03_C165_V681_F012_MX,HP 72IN HAIR CARE ACCESSORIES (FM),24,Right,4
23,8386824,D701_L00000_D03_C165_V681_F012_MX,HP 72IN HAIR CARE ACCESSORIES (FM),29,Right,1
24,8386824,D701_L00000_D03_C165_V681_F012_MX,HP 72IN HAIR CARE ACCESSORIES (FM),44,Right,4
25,8386824,D701_L00000_D03_C165_V681_F012_MX,HP 72IN HAIR CARE ACCESSORIES (FM),19,Right,12
28,8386824,D701_L00000_D03_C165_V681_F012_MX,HP 72IN HAIR CARE ACCESSORIES (FM),15,Left,4
30,8386824,D701_L00000_D03_C165_V681_F012_MX,HP 72IN HAIR CARE ACCESSORIES (FM),24,Right,4
31,8386824,D701_L00000_D03_C165_V681_F012_MX,HP 72IN HAIR CARE ACCESSORIES (FM),19,Left,1
35,8386819,D701_L00000_D03_C165_V681_F008_MX,HP 72IN HAIR CARE ACCESSORIES (FM),31,Left,5
40,8386824,D701_L00000_D03_C165_V681_F012_MX,HP 72IN HAIR CARE ACCESSORIES (FM),22,Left,1
41,8386824,D701_L00000_D03_C165_V681_F012_MX,HP 72IN HAIR CARE ACCESSORIES (FM),25,Left,2
49,8386824,D701_L00000_D03_C165_V681_F012_MX,HP 72IN HAIR CARE ACCESSORIES (FM),43,Left,1
50,8386824,D701_L00000_D03_C165_V681_F012_MX,HP 72IN HAIR CARE ACCESSORIES (FM),35,Right,1
53,8386824,D701_L00000_D03_C165_V681_F012_MX,HP 72IN HAIR CARE ACCESSORIES (FM),22,Right,7
60,8386824,D701_L00000_D03_C165_V681_F012_MX,HP 72IN HAIR CARE ACCESSORIES (FM),23,Left,1
63,8386824,D701_L00000_D03_C165_V681_F012_MX,HP 72IN HAIR CARE ACCESSORIES (FM),39,Right,1
70,8386824,D701_L00000_D03_C165_V681_F012_MX,HP 72IN HAIR CARE ACCESSORIES (FM),152 BACK WALL,Right,5
71,8386811,D701_L00000_D03_C165_V680_F012_MX,HP 72IN HAIR CARE ACCESSORIES (FM) ALASKA,18,Right,6
75,8386824,D701_L00000_D03_C165_V681_F012_MX,HP 72IN HAIR CARE ACCESSORIES (FM),30,Right,6
90,8386824,D701_L00000_D03_C165_V681_F012_MX,HP 72IN HAIR CARE ACCESSORIES (FM),46,Right,1
93,8384274,D701_L00000_D03_C165_V679_F008_MX,LP 66IN HAIR CARE ACCESSORIES W VALANCE (FM),20,Left,4
111,8386824,D701_L00000_D03_C165_V681_F012_MX,HP 72IN HAIR CARE ACCESSORIES (FM),22,Left,4
122,8386824,D701_L00000_D03_C165_V681_F012_MX,HP 72IN HAIR CARE ACCESSORIES (FM),49,Right,4
125,8386824,D701_L00000_D03_C165_V681_F012_MX,HP 72IN HAIR CARE ACCESSORIES (FM),12,Right,4
126,8386819,D701_L00000_D03_C165_V681_F008_MX,HP 72IN HAIR CARE ACCESSORIES (FM),22,Left,12
127,8386815,D701_L00000_D03_C165_V681_F006_MX,HP 72IN HAIR CARE ACCESSORIES (FM),21,Left,4
135,8386819,D701_L00000_D03_C165_V681_F008_MX,HP 72IN HAIR CARE ACCESSORIES (FM),23,Right,3
140,8386824,D701_L00000_D03_C165_V681_F012_MX,HP 72IN HAIR CARE ACCESSORIES (FM),14,Right,1
143,8386824,D701_L00000_D03_C165_V681_F012_MX,HP 72IN HAIR CARE ACCESSORIES (FM),25,Left,9
150,8386824,D701_L00000_D03_C165_V681_F012_MX,HP 72IN HAIR CARE ACCESSORIES (FM),22,Left,3
153,8386824,D701_L00000_D03_C165_V681_F012_MX,HP 72IN HAIR CARE ACCESSORIES (FM),30,Right,6
156,8386824,D701_L00000_D03_C165_V681_F012_MX,HP 72IN HAIR CARE ACCESSORIES (FM),20,Right,11
158,8386826,D701_L00000_D03_C165_V682_F008_MX,HP 84IN HAIR CARE ACCESSORIES (FM) ALASKA,22,Left,10
163,8386824,D701_L00000_D03_C165_V681_F012_MX,HP 72IN HAIR CARE ACCESSORIES (FM),39,Left,1
165,8386824,D701_L00000_D03_C165_V681_F012_MX,HP 72IN HAIR CARE ACCESSORIES (FM),27,Left,7
171,8386824,D701_L00000_D03_C165_V681_F012_MX,HP 72IN HAIR CARE ACCESSORIES (FM),25,Left,4
179,8386824,D701_L00000_D03_C165_V681_F012_MX,HP 72IN HAIR CARE ACCESSORIES (FM),28,Left,3
180,8386829,D701_L00180_D03_C165_V681_F012_MX,HP 72IN HAIR CARE ACCESSORIES (FM),24,Right,1
185,8386824,D701_L00000_D03_C165_V681_F012_MX,HP 72IN HAIR CARE ACCESSORIES (FM),32,Left,1
186,8386824,D701_L00000_D03_C165_V681_F012_MX,HP 72IN HAIR CARE ACCESSORIES (FM),35,Right,5
195,8386824,D701_L00000_D03_C165_V681_F012_MX,HP 72IN HAIR CARE ACCESSORIES (FM),21,Left,1
196,8386824,D701_L00000_D03_C165_V681_F012_MX,HP 72IN HAIR CARE ACCESSORIES (FM),30,Left,2
198,8386824,D701_L00000_D03_C165_V681_F012_MX,HP 72IN HAIR CARE ACCESSORIES (FM),22,Left,6
208,8386819,D701_L00000_D03_C165_V681_F008_MX,HP 72IN HAIR CARE ACCESSORIES (FM),24,Left,3
209,8386824,D701_L00000_D03_C165_V681_F012_MX,HP 72IN HAIR CARE ACCESSORIES (FM),29,Left,5
210,8386824,D701_L00000_D03_C165_V681_F012_MX,HP 72IN HAIR CARE ACCESSORIES (FM),32,Left,2
214,8386814,D701_L00000_D03_C165_V681_F004_MX,HP 72IN HAIR CARE ACCESSORIES (FM),22,Left,1
215,8386819,D701_L00000_D03_C165_V681_F008_MX,HP 72IN HAIR CARE ACCESSORIES (FM),591 COSMETICS 1,Right,3
218,8386819,D701_L00000_D03_C165_V681_F008_MX,HP 72IN HAIR CARE ACCESSORIES (FM),22,Left,2
220,8386824,D701_L00000_D03_C165_V681_F012_MX,HP 72IN HAIR CARE ACCESSORIES (FM),48,Right,2
224,8386828,D701_L00000_D03_C165_V682_F012_MX,HP 84IN HAIR CARE ACCESSORIES (FM) ALASKA,22,Right,3
225,8386820,D701_L00000_D03_C165_V681_F009_MX,HP 72IN HAIR CARE ACCESSORIES (FM),15,Left,1
226,8386823,D701_L00000_D03_C165_V681_F011_MX,HP 72IN HAIR CARE ACCESSORIES (FM),52,Left,5
227,8386819,D701_L00000_D03_C165_V681_F008_MX,HP 72IN HAIR CARE ACCESSORIES (FM),19,Right,8
236,8386824,D701_L00000_D03_C165_V681_F012_MX,HP 72IN HAIR CARE ACCESSORIES (FM),45,Left,5
240,8386824,D701_L00000_D03_C165_V681_F012_MX,HP 72IN HAIR CARE ACCESSORIES (FM),22,Left,6
242,8386824,D701_L00000_D03_C165_V681_F012_MX,HP 72IN HAIR CARE ACCESSORIES (FM),33,Left,1
255,8386824,D701_L00000_D03_C165_V681_F012_MX,HP 72IN HAIR CARE ACCESSORIES (FM),32,Left,1
260,8386819,D701_L00000_D03_C165_V681_F008_MX,HP 72IN HAIR CARE ACCESSORIES (FM),24,Left,1
265,8386824,D701_L00000_D03_C165_V681_F012_MX,HP 72IN HAIR CARE ACCESSORIES (FM),60,Left,4
281,8386824,D701_L00000_D03_C165_V681_F012_MX,HP 72IN HAIR CARE ACCESSORIES (FM),18,Right,9
285,8386822,D701_L00000_D03_C165_V681_F010_MX,HP 72IN HAIR CARE ACCESSORIES (FM),21,Left,6
286,8386830,D701_L00286_D03_C165_V681_F010_MX,HP 72IN HAIR CARE ACCESSORIES (FM),23,Right,4
325,8386824,D701_L00000_D03_C165_V681_F012_MX,HP 72IN HAIR CARE ACCESSORIES (FM),19,Right,3
328,8386824,D701_L00000_D03_C165_V681_F012_MX,HP 72IN HAIR CARE ACCESSORIES (FM),20,Left,8
351,8386824,D701_L00000_D03_C165_V681_F012_MX,HP 72IN HAIR CARE ACCESSORIES (FM),19,Right,4
355,8386824,D701_L00000_D03_C165_V681_F012_MX,HP 72IN HAIR CARE ACCESSORIES (FM),22,Right,1
360,8386824,D701_L00000_D03_C165_V681_F012_MX,HP 72IN HAIR CARE ACCESSORIES (FM),46,Left,1
372,8386814,D701_L00000_D03_C165_V681_F004_MX,HP 72IN HAIR CARE ACCESSORIES (FM),24,Left,4
375,8386824,D701_L00000_D03_C165_V681_F012_MX,HP 72IN HAIR CARE ACCESSORIES (FM),551 KPNR 1,Right,9
377,8386824,D701_L00000_D03_C165_V681_F012_MX,HP 72IN HAIR CARE ACCESSORIES (FM),23,Right,7
383,8386824,D701_L00000_D03_C165_V681_F012_MX,HP 72IN HAIR CARE ACCESSORIES (FM),27,Right,5
390,8386824,D701_L00000_D03_C165_V681_F012_MX,HP 72IN HAIR CARE ACCESSORIES (FM),33,Right,1
391,8386832,D701_L00391_D03_C165_V681_F012_MX,HP 72IN HAIR CARE ACCESSORIES (FM),24,Right,1
393,8386824,D701_L00000_D03_C165_V681_F012_MX,HP 72IN HAIR CARE ACCESSORIES (FM),36,Left,4
417,8386824,D701_L00000_D03_C165_V681_F012_MX,HP 72IN HAIR CARE ACCESSORIES (FM),31,Left,3
424,8386824,D701_L00000_D03_C165_V681_F012_MX,HP 72IN HAIR CARE ACCESSORIES (FM),24,Left,12
439,8386824,D701_L00000_D03_C165_V681_F012_MX,HP 72IN HAIR CARE ACCESSORIES (FM),21,Right,8
449,8386824,D701_L00000_D03_C165_V681_F012_MX,HP 72IN HAIR CARE ACCESSORIES (FM),13,Left,8
457,8386824,D701_L00000_D03_C165_V681_F012_MX,HP 72IN HAIR CARE ACCESSORIES (FM),69,Right,3
458,8386824,D701_L00000_D03_C165_V681_F012_MX,HP 72IN HAIR CARE ACCESSORIES (FM),23,Right,13
459,8386824,D701_L00000_D03_C165_V681_F012_MX,HP 72IN HAIR CARE ACCESSORIES (FM),13,Left,9
460,8386819,D701_L00000_D03_C165_V681_F008_MX,HP 72IN HAIR CARE ACCESSORIES (FM),39,Right,1
462,8386824,D701_L00000_D03_C165_V681_F012_MX,HP 72IN HAIR CARE ACCESSORIES (FM),23,Left,1
464,8386824,D701_L00000_D03_C165_V681_F012_MX,HP 72IN HAIR CARE ACCESSORIES (FM),23,Left,9
482,8386824,D701_L00000_D03_C165_V681_F012_MX,HP 72IN HAIR CARE ACCESSORIES (FM),28,Left,1
485,8386828,D701_L00000_D03_C165_V682_F012_MX,HP 84IN HAIR CARE ACCESSORIES (FM) ALASKA,16,Right,5
486,8386824,D701_L00000_D03_C165_V681_F012_MX,HP 72IN HAIR CARE ACCESSORIES (FM),504 KPNR D,Right,1
516,8386824,D701_L00000_D03_C165_V681_F012_MX,HP 72IN HAIR CARE ACCESSORIES (FM),31,Right,1
600,8386824,D701_L00000_D03_C165_V681_F012_MX,HP 72IN HAIR CARE ACCESSORIES (FM),39,Right,1
603,8386824,D701_L00000_D03_C165_V681_F012_MX,HP 72IN HAIR CARE ACCESSORIES (FM),20,Right,1
604,8386824,D701_L00000_D03_C165_V681_F012_MX,HP 72IN HAIR CARE ACCESSORIES (FM),17,Right,5
605,8386824,D701_L00000_D03_C165_V681_F012_MX,HP 72IN HAIR CARE ACCESSORIES (FM),16,Right,1
608,8386824,D701_L00000_D03_C165_V681_F012_MX,HP 72IN HAIR CARE ACCESSORIES (FM),39,Left,6
613,8386824,D701_L00000_D03_C165_V681_F012_MX,HP 72IN HAIR CARE ACCESSORIES (FM),23,Right,6
614,8386824,D701_L00000_D03_C165_V681_F012_MX,HP 72IN HAIR CARE ACCESSORIES (FM),551 KPNR 1,Left,1
615,8386823,D701_L00000_D03_C165_V681_F011_MX,HP 72IN HAIR CARE ACCESSORIES (FM),72,Right,1
649,8386828,D701_L00000_D03_C165_V682_F012_MX,HP 84IN HAIR CARE ACCESSORIES (FM) ALASKA,65,Left,1
650,8386824,D701_L00000_D03_C165_V681_F012_MX,HP 72IN HAIR CARE ACCESSORIES (FM),23,Right,4
651,8386819,D701_L00000_D03_C165_V681_F008_MX,HP 72IN HAIR CARE ACCESSORIES (FM),21,Right,2
652,8386824,D701_L00000_D03_C165_V681_F012_MX,HP 72IN HAIR CARE ACCESSORIES (FM),21,Left,1
653,8386811,D701_L00000_D03_C165_V680_F012_MX,HP 72IN HAIR CARE ACCESSORIES (FM) ALASKA,21,Right,16
654,8386824,D701_L00000_D03_C165_V681_F012_MX,HP 72IN HAIR CARE ACCESSORIES (FM),21,Left,1
655,8386824,D701_L00000_D03_C165_V681_F012_MX,HP 72IN HAIR CARE ACCESSORIES (FM),38,Right,1
656,8386811,D701_L00000_D03_C165_V680_F012_MX,HP 72IN HAIR CARE ACCESSORIES (FM) ALASKA,21,Right,2
657,8386824,D701_L00000_D03_C165_V681_F012_MX,HP 72IN HAIR CARE ACCESSORIES (FM),49,Left,3
658,8386824,D701_L00000_D03_C165_V681_F012_MX,HP 72IN HAIR CARE ACCESSORIES (FM),23,Right,1
659,8386819,D701_L00000_D03_C165_V681_F008_MX,HP 72IN HAIR CARE ACCESSORIES (FM),21,Right,7
660,8386824,D701_L00000_D03_C165_V681_F012_MX,HP 72IN HAIR CARE ACCESSORIES (FM),21,Left,5
661,8386824,D701_L00000_D03_C165_V681_F012_MX,HP 72IN HAIR CARE ACCESSORIES (FM),34,Left,3
662,8386824,D701_L00000_D03_C165_V681_F012_MX,HP 72IN HAIR CARE ACCESSORIES (FM),21,Left,6
663,8386819,D701_L00000_D03_C165_V681_F008_MX,HP 72IN HAIR CARE ACCESSORIES (FM),23,Right,6
665,8386824,D701_L00000_D03_C165_V681_F012_MX,HP 72IN HAIR CARE ACCESSORIES (FM),21,Left,1
667,8386824,D701_L00000_D03_C165_V681_F012_MX,HP 72IN HAIR CARE ACCESSORIES (FM),23,Right,7
668,8386811,D701_L00000_D03_C165_V680_F012_MX,HP 72IN HAIR CARE ACCESSORIES (FM) ALASKA,20,Right,7
681,8386824,D701_L00000_D03_C165_V681_F012_MX,HP 72IN HAIR CARE ACCESSORIES (FM),38,Right,1
682,8386819,D701_L00000_D03_C165_V681_F008_MX,HP 72IN HAIR CARE ACCESSORIES (FM),42,Right,4
683,8386824,D701_L00000_D03_C165_V681_F012_MX,HP 72IN HAIR CARE ACCESSORIES (FM),27,Right,1
685,8386824,D701_L00000_D03_C165_V681_F012_MX,HP 72IN HAIR CARE ACCESSORIES (FM),21,Right,4
688,8386824,D701_L00000_D03_C165_V681_F012_MX,HP 72IN HAIR CARE ACCESSORIES (FM),26,Left,1
691,8386824,D701_L00000_D03_C165_V681_F012_MX,HP 72IN HAIR CARE ACCESSORIES (FM),29,Right,1
694,8386817,D701_L00000_D03_C165_V681_F007_MX,HP 72IN HAIR CARE ACCESSORIES (FM),39,Right,4
